site_id,run_id,ts_iso,req_id,session_id,provider,client_start_ms,client_tts_start_ms,e2e_latency_ms
SCENE_A_MS,FT-SCENE_A_MS-1755180574767,2025-08-14T14:09:34.745549,7c00f737-ce5c-49de-b7e8-bbeb7b95c8dc,T04,ft,trial,1755180568279,1755180574761,6482
SCENE_A_MS,FT-SCENE_A_MS-1755180574767,2025-08-14T14:10:41.481721,66d1940b-2506-42f7-8b73-999163d3ac40,T04,ft,trial,1755180634283,1755180639553,5270
SCENE_A_MS,FT-SCENE_A_MS-1755184312982,2025-08-14T15:11:53.011690,60dc06af-bbd7-470d-afcf-7d03413746fc,T04,ft,trial,1755184306203,1755184312975,6772
SCENE_A_MS,FT-SCENE_A_MS-1755184312982,2025-08-14T15:12:55.220835,002d214c-62d7-4c7c-af23-c72ec11096a5,T04,ft,trial,1755184359467,1755184375188,15721
SCENE_A_MS,FT-SCENE_A_MS-1755184312982,2025-08-14T15:13:49.379999,82a4c8ff-1b29-46b3-9f23-291fac5662f4,T04,ft,trial,1755184426092,1755184429349,3257
SCENE_A_MS,FT-SCENE_A_MS-1755189016388,2025-08-14T16:30:57.004972,9da2e87a-9693-430a-911c-b0ec87bd0605,T04,ft,trial,1755189050036,1755189055376,5340
SCENE_A_MS,FT-SCENE_A_MS-1755189016388,2025-08-14T16:31:56.984454,8db21f1a-91aa-4262-a717-fef9bdae775e,T04,ft,trial,1755189114948,1755189116934,1986
SCENE_A_MS,FT-SCENE_A_MS-1755190538847,2025-08-14T16:55:38.874252,1e6f154d-4b98-41ac-b7e5-7e960aa2d3ef,T04,ft,trial,1755190532157,1755190538841,6684
SCENE_A_MS,FT-SCENE_A_MS-1755190538847,2025-08-14T16:56:19.518396,7bcab30b-0d7a-4675-8903-df08d92a4562,T04,ft,trial,1755190574121,1755190579490,5369
SCENE_A_MS,FT-SCENE_A_MS-1755190538847,2025-08-14T16:57:10.243356,1f40bb1f-7775-4aa4-8d4e-c76cb9c92d56,T04,ft,trial,1755190628395,1755190630218,1823
SCENE_A_MS,FT-SCENE_A_MS-1755190538847,2025-08-14T16:57:41.119941,7ee4afd2-9b29-49f3-8b45-ec033dcab7dd,T04,ft,trial,1755190658909,1755190661092,2183
SCENE_A_MS,FT-SCENE_A_MS-1755190812622,2025-08-14T17:00:12.647167,1b091af2-ef45-4604-930f-3f40877ff518,T05,ft,trial,1755190810232,1755190812615,2383
SCENE_A_MS,FT-SCENE_A_MS-1755190812622,2025-08-14T17:00:58.533386,317d93ef-e11f-4c00-9e4b-197400e4885a,T05,ft,trial,1755190856543,1755190858506,1963
SCENE_A_MS,FT-SCENE_A_MS-1755190812622,2025-08-14T17:03:43.419960,34f2b2a9-6756-4cbe-b8fe-b3871b47a879,T05,ft,trial,1755191020389,1755191023389,3000
SCENE_A_MS,FT-SCENE_A_MS-1755190812622,2025-08-14T17:04:34.561510,d9f94f93-bb80-48d2-ad80-8c2e9d7a76f5,T05,ft,trial,1755191072164,1755191074528,2364
SCENE_A_MS,FT-SCENE_A_MS-1755269628600,2025-08-15T14:53:48.671936,3e1e3410-be42-4295-8789-a06103bbfd0d,T06,ft,trial,1755269624221,1755269628594,4373
SCENE_A_MS,FT-SCENE_A_MS-1755269628600,2025-08-15T14:54:03.427219,45553c5b-778b-4ac4-84bf-a7fe502e06a4,T06,ft,trial,1755269638592,1755269643345,4753
SCENE_A_MS,FT-SCENE_A_MS-1755269628600,2025-08-15T14:54:27.252188,a1322816-7930-4857-ae8d-d67f601646b4,T06,ft,trial,1755269665627,1755269667179,1552
SCENE_A_MS,FT-SCENE_A_MS-1755269628600,2025-08-15T14:54:48.450582,1d417559-f3e5-433b-a2d0-453e7e6d917a,T06,ft,trial,1755269686762,1755269688381,1619
SCENE_A_MS,FT-SCENE_A_MS-1755269628600,2025-08-15T14:55:20.205821,65fe59cb-0669-4952-8439-723829d126f6,T06,ft,trial,1755269718563,1755269720130,1567
SCENE_A_MS,FT-SCENE_A_MS-1755269628600,2025-08-15T14:56:47.990544,03d3de71-7aa4-42d8-bb4f-cb751c5605cd,T06,ft,trial,1755269806289,1755269807917,1628
SCENE_A_MS,FT-SCENE_A_MS-1755269807923,2025-08-15T14:57:13.375783,cfb217ce-80ba-4f3b-a3f0-2b1c9808699b,T06,ft,trial,1755269831687,1755269833299,1612
SCENE_A_MS,FT-SCENE_A_MS-1755269807923,2025-08-15T14:57:35.352687,287eeaee-3678-4840-a6bf-f5b40aa52e8b,T06,ft,trial,1755269853666,1755269855273,1607
SCENE_A_MS,FT-SCENE_A_MS-1755269807923,2025-08-15T14:58:01.516709,24a0bb24-b35c-4022-a497-0f57bf2654dc,T06,ft,trial,1755269879883,1755269881449,1566
SCENE_A_MS,FT-SCENE_A_MS-1755269807923,2025-08-15T14:58:42.076157,564a8691-6ae6-4403-ab6c-1852516cb60d,T06,ft,trial,1755269920287,1755269921815,1528
SCENE_A_MS,FT-SCENE_A_MS-1755277364959,2025-08-15T17:02:44.981027,06f5d3f2-2593-40ee-8365-7dbafbc22cc4,T06,ft,trial,1755277358359,1755277364952,6593
SCENE_A_MS,FT-SCENE_A_MS-1755277364959,2025-08-15T17:03:04.604016,9a5ae079-5fab-4701-97eb-15e18f0cef77,T06,ft,trial,1755277382024,1755277384577,2553
SCENE_A_MS,FT-SCENE_A_MS-1755277364959,2025-08-15T17:03:21.029371,1222f445-695f-4149-8abd-1a86532d795f,T06,ft,trial,1755277398897,1755277401007,2110
SCENE_A_MS,FT-SCENE_A_MS-1755277364959,2025-08-15T17:03:32.546885,7e780d22-431a-48e1-858e-81e1a0d835fb,T06,ft,trial,1755277410935,1755277412527,1592
SCENE_A_MS,FT-SCENE_A_MS-1755277364959,2025-08-15T17:03:54.792649,bed73434-8697-4ba7-9d2a-8df39ca95fa9,T06,ft,trial,1755277432948,1755277434621,1673
SCENE_A_MS,FT-SCENE_A_MS-1755277364959,2025-08-15T17:04:06.671061,2f0e23b2-2c27-4cfe-b1e9-04cc2ef6bf84,T06,ft,trial,1755277444813,1755277446650,1837
SCENE_A_MS,FT-SCENE_A_MS-1755278164361,2025-08-15T17:16:04.387289,5c01c528-2200-46f8-b9dd-fbd7bf87baff,T06,ft,trial,1755278156144,1755278164354,8210
SCENE_A_MS,FT-SCENE_A_MS-1755278164361,2025-08-15T17:16:19.164597,e4c012d6-d9df-48a3-ace1-097985a49daf,T06,ft,trial,1755278175408,1755278179137,3729
SCENE_A_MS,FT-SCENE_A_MS-1755278164361,2025-08-15T17:16:31.789983,016ae094-6a8a-42fc-81b7-be813f5f5959,T06,ft,trial,1755278188883,1755278191779,2896
SCENE_A_MS,FT-SCENE_A_MS-1755278164361,2025-08-15T17:16:55.300364,f0d803bc-f900-40b3-ab27-d3d220adbc1d,T06,ft,trial,1755278212002,1755278215284,3282
SCENE_A_MS,FT-SCENE_A_MS-1755278164361,2025-08-15T17:17:08.611904,86812758-faa8-4312-aa35-be36339a10bd,T06,ft,trial,1755278225670,1755278228560,2890
SCENE_A_MS,FT-SCENE_A_MS-1755278164361,2025-08-15T17:17:22.057036,d5f434d0-892c-4223-a46e-8e5557a98ce0,T06,ft,trial,1755278236083,1755278241975,5892
SCENE_A_MS,FT-SCENE_A_MS-1755278164361,2025-08-15T17:17:43.666728,52182b7f-ea32-4bf6-9816-b622f5f72354,T06,ft,trial,1755278253054,1755278263344,10290
SCENE_A_MS,FT-SCENE_A_MS-1755278164361,2025-08-15T17:17:54.421960,31af5b85-13bb-443e-abc1-00e70acd0e63,T06,ft,trial,1755278272552,1755278274401,1849
SCENE_A_MS,FT-SCENE_A_MS-1755533175266,2025-08-18T16:06:15.317808,ff92c870-80a5-4b31-9d72-ac4284213ac6,T06,ft,trial,1755533168805,1755533175263,6458
SCENE_A_MS,FT-SCENE_A_MS-1755533175266,2025-08-18T16:06:28.818684,34819c13-a398-4f41-ac49-b330cb2c772c,T06,ft,trial,1755533185203,1755533188756,3553
SCENE_A_MS,FT-SCENE_A_MS-1755533175266,2025-08-18T16:06:53.346007,7733a412-ae72-42c6-b7ad-c1a716bcd0d7,T06,ft,trial,1755533211450,1755533213296,1846
SCENE_A_MS,FT-SCENE_A_MS-1755533175266,2025-08-18T16:07:08.481459,5393a3fd-65b8-4ed4-8538-0ab2170097b8,T06,ft,trial,1755533226881,1755533228425,1544
SCENE_A_MS,FT-SCENE_A_MS-1755533831544,2025-08-18T16:17:11.634439,9d2509c9-2bb5-4362-ba02-e5cdf5db6ce2,T06,ft,trial,1755533826301,1755533831537,5236
SCENE_A_MS,FT-SCENE_A_MS-1755533831544,2025-08-18T16:17:29.298849,41cdf612-059a-4160-8d56-c6b59b60cb6c,T06,ft,trial,1755533847389,1755533849236,1847
SCENE_A_MS,FT-SCENE_A_MS-1755533831544,2025-08-18T16:17:43.736149,866ad612-6713-44dd-8095-bfff00b21fc8,T06,ft,trial,1755533862072,1755533863675,1603
SCENE_A_MS,FT-SCENE_A_MS-1755533831544,2025-08-18T16:18:06.500019,8f5c1bc7-3604-419e-8330-f420c0fa00ef,T06,ft,trial,1755533885056,1755533886440,1384
SCENE_A_MS,FT-SCENE_A_MS-1755533831544,2025-08-18T16:18:23.987046,615cecdb-7880-4911-8bb4-1fd805b9b376,T06,ft,trial,1755533902337,1755533903925,1588
SCENE_A_MS,FT-SCENE_A_MS-1755533831544,2025-08-18T16:18:41.186231,f610fe66-a302-4c51-9fc9-3c1d5df2d6d8,T06,ft,trial,1755533919750,1755533921113,1363
SCENE_A_MS,FT-SCENE_A_MS-1755533831544,2025-08-18T16:18:53.407405,9f703f80-52af-4b3d-b087-f0304d8890ac,T06,ft,trial,1755533931735,1755533933349,1614
SCENE_A_MS,FT-SCENE_A_MS-1755533831544,2025-08-18T16:19:06.350344,8eedf058-f2d7-4ba2-ac47-3f48415d8eff,T06,ft,trial,1755533944978,1755533946298,1320
SCENE_A_MS,FT-SCENE_A_MS-1755533831544,2025-08-18T16:19:26.526197,71bf5c09-47c7-41da-80cc-34ba933632f0,T06,ft,trial,1755533965147,1755533966459,1312
SCENE_A_MS,FT-SCENE_A_MS-1755533831544,2025-08-18T16:19:40.502439,cd6c7a26-06b4-4e13-833c-26a86bbc208b,T06,ft,trial,1755533979122,1755533980423,1301
SCENE_A_MS,FT-SCENE_A_MS-1755536453156,2025-08-18T17:00:53.210605,b6918646-d5fa-40d1-aa8b-d2bf26708224,T06,ft,trial,1755536447470,1755536453150,5680
SCENE_A_MS,FT-SCENE_A_MS-1755536453156,2025-08-18T17:01:30.178953,f0d91716-475e-4182-8f83-721ba0eb6c37,T06,ft,trial,1755536488127,1755536490117,1990
SCENE_A_MS,FT-SCENE_A_MS-1755536453156,2025-08-18T17:01:52.397774,7d8ed391-7d73-43ee-8220-8d9e8f838b13,T06,ft,trial,1755536510223,1755536512336,2113
SCENE_A_MS,FT-SCENE_A_MS-1755536453156,2025-08-18T17:02:07.040837,2b98ee68-3f1e-46c5-a6ff-e31a44fa5b4d,T06,ft,trial,1755536525096,1755536526987,1891
SCENE_A_MS,FT-SCENE_A_MS-1755536453156,2025-08-18T17:02:19.528046,d5034f78-33a2-400b-8bda-f2501c556bac,T06,ft,trial,1755536538159,1755536539464,1305
SCENE_A_MS,FT-SCENE_A_MS-1755536453156,2025-08-18T17:02:31.544010,4eafcc11-5216-4031-9065-53a692367bdd,T06,ft,trial,1755536550178,1755536551490,1312
SCENE_A_MS,FT-SCENE_A_MS-1755536453156,2025-08-18T17:02:54.444430,17016340-c62a-4c41-93ba-2429129e9aa1,T06,ft,trial,1755536573033,1755536574389,1356
SCENE_A_MS,FT-SCENE_A_MS-1755536453156,2025-08-18T17:03:10.053162,58b66761-64b6-4c63-8a78-3910ac7dd24f,T06,ft,trial,1755536588371,1755536590003,1632
SCENE_A_MS,FT-SCENE_A_MS-1755536453156,2025-08-18T17:03:20.766181,d0843a04-66c5-4f11-8ea0-de5232fd1e04,T06,ft,trial,1755536599497,1755536600689,1192
SCENE_A_MS,FT-SCENE_A_MS-1755536453156,2025-08-18T17:03:38.240800,c7ad822c-256f-4dd9-8021-54f2a3770ed4,T06,ft,trial,1755536616914,1755536618188,1274
SCENE_A_MS,FT-SCENE_A_MS-1755536453156,2025-08-18T17:03:46.778683,d96cf5f4-1ceb-4eaa-82d9-4918d69a3eb0,T06,ft,trial,1755536625527,1755536626725,1198
SCENE_A_MS,FT-SCENE_A_MS-1755536664556,2025-08-18T17:04:24.610637,ddd0fc97-5d35-4187-8bcc-9cc7352e810b,T06,ft,trial,1755536663314,1755536664550,1236
SCENE_A_MS,FT-SCENE_A_MS-1755536664556,2025-08-18T17:04:29.143894,d3074624-b8de-450f-96d7-67cddde06bea,T06,ft,trial,1755536667821,1755536669089,1268
SCENE_A_MS,FT-SCENE_A_MS-1755536664556,2025-08-18T17:04:39.308293,f7cb9279-26c4-45b7-96c7-c2faa7dcf354,T06,ft,trial,1755536678066,1755536679255,1189
SCENE_A_MS,FT-SCENE_A_MS-1755536664556,2025-08-18T17:04:53.577995,4c727109-3cb4-4e87-99e6-69af4b82534c,T06,ft,trial,1755536692121,1755536693514,1393
SCENE_A_MS,FT-SCENE_A_MS-1755536664556,2025-08-18T17:05:03.420181,7ed5b90a-7ecc-4a37-9d01-ced6cf7e2d5d,T06,ft,trial,1755536701899,1755536703359,1460
SCENE_A_MS,FT-SCENE_A_MS-1755536664556,2025-08-18T17:05:12.392828,42f32e28-e2ac-4793-9fd5-51c0160f0ca8,T06,ft,trial,1755536711055,1755536712346,1291
SCENE_A_MS,FT-SCENE_A_MS-1755536664556,2025-08-18T17:05:23.786109,3269bb12-f295-4ebf-bb82-e83796dbe4cc,T06,ft,trial,1755536722439,1755536723732,1293
SCENE_A_MS,FT-SCENE_A_MS-1755536664556,2025-08-18T17:05:32.452973,af6905bb-21dc-4fea-bead-77d77386593e,T06,ft,trial,1755536731097,1755536732401,1304
SCENE_A_MS,FT-SCENE_A_MS-1755538796899,2025-08-18T17:39:56.883915,0429e4e5-868d-4f48-83da-a8386d5138a8,T06,ft,trial,1755538791083,1755538796898,5815
SCENE_A_MS,FT-SCENE_A_MS-1755538796899,2025-08-18T17:39:58.830677,060b5dcf-b520-47fd-91fc-edde39c91e17,T06,ft,trial,1755538796897,1755538798838,1941
SCENE_A_MS,FT-SCENE_A_MS-1755538796899,2025-08-18T17:40:00.125852,1d76a24f-9450-4510-a043-9082ef5f82af,T06,ft,trial,1755538798840,1755538800133,1293
SCENE_A_MS,FT-SCENE_A_MS-1755538796899,2025-08-18T17:40:10.478880,b49534c7-f04e-44c7-81c6-799145dbb6c4,T06,ft,trial,1755538809241,1755538810489,1248
SCENE_A_MS,FT-SCENE_A_MS-1755538796899,2025-08-18T17:40:22.327583,aa9b8d90-a9d0-4c23-9843-78c823b8c863,T06,ft,trial,1755538821057,1755538822321,1264
SCENE_A_MS,FT-SCENE_A_MS-1755538796899,2025-08-18T17:40:32.085117,67539bd8-458b-487e-a332-c89cdf5d122e,T06,ft,trial,1755538830755,1755538832078,1323
SCENE_A_MS,FT-SCENE_A_MS-1755538796899,2025-08-18T17:40:38.843935,1073ce28-b490-4dac-a96b-ca76c0c57e66,T06,ft,trial,1755538837562,1755538838852,1290
SCENE_A_MS,FT-SCENE_A_MS-1755538796899,2025-08-18T17:40:47.410571,38ee2ac2-da73-4a92-b766-42399e4b8a88,T06,ft,trial,1755538845490,1755538847418,1928
SCENE_A_MS,FT-SCENE_A_MS-1755538796899,2025-08-18T17:41:02.623633,cb360c7a-2b21-43b2-be42-15535f649955,T06,ft,trial,1755538861110,1755538862630,1520
SCENE_A_MS,FT-SCENE_A_MS-1755538796899,2025-08-18T17:41:15.281326,94d82ce6-0b5f-4af7-84cf-c3f408bc5e5d,T06,ft,trial,1755538873748,1755538875286,1538
SCENE_A_MS,FT-SCENE_A_MS-1755538796899,2025-08-18T17:41:24.216190,b66ea897-9f12-434c-be38-70efc307f723,T06,ft,trial,1755538882913,1755538884222,1309
SCENE_A_MS,FT-SCENE_A_MS-1755539008588,2025-08-18T17:43:28.586453,9dbab2c6-f2ac-4458-a917-4a7d31e4c4ad,T06,ft,trial,1755539003325,1755539008582,5257
SCENE_A_MS,FT-SCENE_A_MS-1755539008588,2025-08-18T17:43:35.549390,081063a4-7446-47cb-b963-a5fb7b8bfc67,T06,ft,trial,1755539013702,1755539015560,1858
SCENE_A_MS,FT-SCENE_A_MS-1755539008588,2025-08-18T17:43:42.159714,1cce3256-7ed5-4fb2-a328-2d6e9a603349,T06,ft,trial,1755539020871,1755539022169,1298
SCENE_A_MS,FT-SCENE_A_MS-1755539008588,2025-08-18T17:43:48.418043,72949998-9a1f-4680-bed3-e041c13e3cb8,T06,ft,trial,1755539027170,1755539028439,1269
SCENE_A_MS,FT-SCENE_A_MS-1755539008588,2025-08-18T17:43:57.586742,76b7f50e-7888-48c6-bfee-9fd33ab37b98,T06,ft,trial,1755539036255,1755539037603,1348
SCENE_A_MS,FT-SCENE_A_MS-1755542930654,2025-08-18T18:48:50.698878,e76494b3-122e-4b10-8c81-13511271816c,T06,ft,trial,1755542924819,1755542930648,5829
SCENE_A_MS,FT-SCENE_A_MS-1755542930654,2025-08-18T18:48:58.566786,ac1ed75c-12bb-42be-a914-3760b6ad73c3,T06,ft,trial,1755542936727,1755542938518,1791
SCENE_B_STUDIO,FT-SCENE_A_MS-1755542930654,2025-08-18T18:49:29.618320,4685b798-084b-4f07-9acb-192a2458097e,T06,ft,trial,1755542968244,1755542969563,1319
SCENE_B_STUDIO,FT-SCENE_B_STUDIO-1755542969569,2025-08-18T18:49:36.530424,2b62de57-c3fe-41ff-937d-3f96cf75603c,T06,ft,trial,1755542975135,1755542976480,1345
SCENE_B_STUDIO,FT-SCENE_B_STUDIO-1755542969569,2025-08-18T18:49:45.899025,31190f64-d4e8-40b9-a80e-b0cfc2a38d97,T06,ft,trial,1755542984270,1755542985837,1567
SCENE_B_STUDIO,FT-SCENE_B_STUDIO-1755542969569,2025-08-18T18:49:53.248614,9b287539-1d61-4b14-85c1-3437268d336e,T06,ft,trial,1755542991968,1755542993157,1189
SCENE_B_STUDIO,FT-SCENE_B_STUDIO-1755542969569,2025-08-18T18:50:04.277390,eb5c6a2b-4d27-49b9-b501-cda5a14f2da5,T06,ft,trial,1755543002835,1755543004234,1399
SCENE_B_STUDIO,FT-SCENE_B_STUDIO-1755543333025,2025-08-18T18:55:33.077549,9936fd3b-d7be-4b4a-bd21-cedcef55e31c,T06,ft,trial,1755543327426,1755543333014,5588
SCENE_B_STUDIO,FT-SCENE_B_STUDIO-1755543333025,2025-08-18T18:55:35.219965,ded81b7f-676e-44a7-a235-8f0a7481d5d3,T06,ft,trial,1755543333376,1755543335158,1782
SCENE_B_STUDIO,FT-SCENE_B_STUDIO-1755543333025,2025-08-18T18:55:45.892865,b74b9207-1be5-499f-a886-6f46b54e7638,T06,ft,trial,1755543344321,1755543345841,1520
SCENE_B_STUDIO,FT-SCENE_B_STUDIO-1755543333025,2025-08-18T18:55:55.647274,d194ca75-a1b3-4878-ad6b-d4b17b1544ef,T06,ft,trial,1755543353962,1755543355587,1625
SCENE_B_STUDIO,FT-SCENE_B_STUDIO-1755543333025,2025-08-18T18:56:15.016578,3f40c68d-74e2-4bc8-9893-5ac948f99240,T06,ft,trial,1755543373626,1755543374970,1344
SCENE_B_STUDIO,FT-SCENE_B_STUDIO-1755543333025,2025-08-18T18:56:22.978541,6374955d-0adb-48fe-8d20-9b0b67f69a9c,T06,ft,trial,1755543380983,1755543382923,1940
SCENE_B_STUDIO,FT-SCENE_B_STUDIO-1755543823408,2025-08-18T19:03:45.071834,fb3ec096-c658-473d-9929-4421b8a512b2,T06,ft,trial,1755543817566,1755543823404,5838
SCENE_B_STUDIO,FT-SCENE_B_STUDIO-1755543823408,2025-08-18T19:03:45.106188,96e77c7e-bc6e-42bc-bfb8-a61c11481230,T06,ft,trial,1755543822603,1755543825052,2449
SCENE_B_STUDIO,FT-SCENE_B_STUDIO-1755543823408,2025-08-18T19:03:46.437362,ae85f2f8-9592-42b4-b545-d9672ae89a8a,T06,ft,trial,1755543825056,1755543826378,1322
SCENE_B_STUDIO,FT-SCENE_B_STUDIO-1755543823408,2025-08-18T19:03:56.981833,7723a870-9ffe-4794-b29a-d9aa9492400e,T06,ft,trial,1755543835636,1755543836924,1288
SCENE_B_STUDIO,FT-SCENE_B_STUDIO-1755543823408,2025-08-18T19:04:07.557101,ccfa2c89-7041-4338-b275-95b3b6097853,T06,ft,trial,1755543846130,1755543847514,1384
SCENE_A_MS,FT-SCENE_A_MS-1755544988997,2025-08-18T19:23:14.014806,290c2b76-65d4-44c6-b77c-59093e847c7a,T06,ft,trial,1755544992225,1755544993944,1719
SCENE_A_MS,FT-SCENE_A_MS-1755544988997,2025-08-18T19:23:22.849557,fbe4d692-b467-4c60-bf5e-27fe47c8d892,T06,ft,trial,1755545001239,1755545002507,1268
SCENE_A_MS,FT-SCENE_A_MS-1755544988997,2025-08-18T19:23:29.795905,d5f76710-d47e-4220-9456-03855ebb4163,T06,ft,trial,1755545008512,1755545009733,1221
SCENE_B_STUDIO,FT-SCENE_B_STUDIO-1755545040194,2025-08-18T19:24:00.256310,62ae1005-c4ac-4696-a53e-ec0dc8c5862c,T06,ft,trial,1755545038945,1755545040188,1243
SCENE_B_STUDIO,FT-SCENE_B_STUDIO-1755545040194,2025-08-18T19:24:07.878340,d4850387-efaf-4fa0-bf49-18a0dad130fd,T06,ft,trial,1755545046476,1755545047812,1336
SCENE_B_STUDIO,FT-SCENE_B_STUDIO-1755545040194,2025-08-18T19:24:33.984172,c7110598-0308-4ec8-8a9b-69dc9c9924cd,T06,ft,trial,1755545072334,1755545073917,1583
SCENE_B_STUDIO,FT-SCENE_B_STUDIO-1755545040194,2025-08-18T19:25:04.042780,04a44250-15e0-41f1-b683-ac19755e0aab,T06,ft,trial,1755545102387,1755545103974,1587
SCENE_B_STUDIO,FT-SCENE_B_STUDIO-1755545040194,2025-08-18T19:26:27.776658,cc324273-7d7d-452a-a391-0e7f8d9ca0ad,T06,ft,trial,1755545183737,1755545187710,3973
SCENE_B_STUDIO,FT-SCENE_B_STUDIO-1755545040194,2025-08-18T19:26:37.047678,365980d3-33d9-48bb-9515-177c36e583d5,T06,ft,trial,1755545195371,1755545196984,1613
SCENE_B_STUDIO,FT-SCENE_B_STUDIO-1755545040194,2025-08-18T19:26:48.514927,763019fe-17d9-4ec9-ab3e-eca46c4c56eb,T06,ft,trial,1755545207214,1755545208450,1236
SCENE_B_STUDIO,FT-SCENE_B_STUDIO-1755545040194,2025-08-18T19:26:58.413915,1676a916-0dfa-45f4-b12a-2630ab183252,T06,ft,trial,1755545217021,1755545218349,1328
SCENE_A_MS,FT-SCENE_B_STUDIO-1755545040194,2025-08-18T19:27:16.486100,b4aa3bc9-051d-46db-a10b-65c45cf55875,T06,ft,trial,1755545235226,1755545236418,1192
SCENE_A_MS,FT-SCENE_A_MS-1755545236424,2025-08-18T19:27:22.495200,69f1246c-9e34-480d-9f5f-89158175dac1,T06,ft,trial,1755545241254,1755545242428,1174
SCENE_A_MS,FT-SCENE_A_MS-1755545236424,2025-08-18T19:27:31.181676,f5a11510-3929-46e5-ad47-4a84fd37fad7,T06,ft,trial,1755545249861,1755545251094,1233
SCENE_A_MS,FT-SCENE_A_MS-1755545236424,2025-08-18T19:27:38.450517,c15b3cfc-257e-4f0c-b0ae-3853cb7d1e88,T06,ft,trial,1755545256980,1755545258374,1394
SCENE_A_MS,FT-SCENE_A_MS-1755545236424,2025-08-18T19:27:48.029336,c0b95b7b-e4e3-415f-8c31-200496acce29,T06,ft,trial,1755545266612,1755545267962,1350
SCENE_A_MS,FT-SCENE_A_MS-1755545282069,2025-08-18T19:28:02.159588,ed899973-c4a0-41c7-85b3-cbf38d4a48dd,T06,ft,trial,1755545280881,1755545282063,1182
SCENE_A_MS,FT-SCENE_A_MS-1755545282069,2025-08-18T19:28:09.262134,6b13d83d-1f04-452e-a15b-4840a8b4fa5a,T06,ft,trial,1755545287703,1755545289193,1490
SCENE_A_MS,FT-SCENE_A_MS-1755545282069,2025-08-18T19:28:16.746291,8d66fcdb-8a63-4088-97fd-f52667d91fc4,T06,ft,trial,1755545295178,1755545296665,1487
SCENE_A_MS,FT-SCENE_A_MS-1755545282069,2025-08-18T19:28:23.751218,2492f036-e028-49bb-bc47-e08300bb6c45,T06,ft,trial,1755545302395,1755545303680,1285
SCENE_A_MS,FT-SCENE_A_MS-1755545282069,2025-08-18T19:28:31.625902,281bc5a3-e9f2-4825-a302-fcf96aac5268,T06,ft,trial,1755545310363,1755545311544,1181
SCENE_B_STUDIO,FT-SCENE_B_STUDIO-1755546234162,2025-08-18T19:44:17.603703,b93e7d14-20cd-4f2f-8c87-0aaf1b06e451,T06,ft,trial,1755546255691,1755546257566,1875
SCENE_B_STUDIO,FT-SCENE_B_STUDIO-1755546234162,2025-08-18T19:44:27.104785,490f267c-6511-4b30-9047-bc875f76bb58,T06,ft,trial,1755546265143,1755546267075,1932
SCENE_B_STUDIO,FT-SCENE_B_STUDIO-1755546234162,2025-08-18T19:44:35.961529,f5f01112-b4ca-467d-a509-09e8c20a049b,T06,ft,trial,1755546274759,1755546275935,1176
SCENE_B_STUDIO,FT-SCENE_B_STUDIO-1755546234162,2025-08-18T19:44:50.754749,a19d33ba-10b4-4d5b-aad3-2117107a3d47,T06,ft,trial,1755546289440,1755546290708,1268
SCENE_B_STUDIO,FT-SCENE_B_STUDIO-1755546234162,2025-08-18T19:45:01.172187,04e48813-465a-4b0f-b865-9a1912891266,T06,ft,trial,1755546299725,1755546301150,1425
SCENE_B_STUDIO,FT-SCENE_B_STUDIO-1755546234162,2025-08-18T19:45:17.524576,cd22f629-a1c2-4c55-83af-464dae037b12,T06,ft,trial,1755546316084,1755546317488,1404
SCENE_B_STUDIO,FT-SCENE_B_STUDIO-1755546234162,2025-08-18T19:45:35.457117,1603b392-030d-41cd-936b-4ff7a6546ae4,T06,ft,trial,1755546333950,1755546335429,1479
SCENE_B_STUDIO,FT-SCENE_B_STUDIO-1755546234162,2025-08-18T19:45:47.838170,27e65c53-2a9d-4d7c-ac8e-220a635f6cc3,T06,ft,trial,1755546346365,1755546347805,1440
SCENE_B_STUDIO,FT-SCENE_B_STUDIO-1755546234162,2025-08-18T19:46:06.493924,9841d7d0-6e01-48b2-9402-2c503e9c74f8,T06,ft,trial,1755546364328,1755546366455,2127
SCENE_B_STUDIO,FT-SCENE_B_STUDIO-1755546234162,2025-08-18T19:46:21.278569,644cafae-910e-4b22-9680-503bcd5410c1,T06,ft,trial,1755546379813,1755546381243,1430
SCENE_B_STUDIO,FT-SCENE_B_STUDIO-1755546234162,2025-08-18T19:46:31.006139,ebab04e2-89d5-493c-b36f-d0565424d03f,T06,ft,trial,1755546389836,1755546390967,1131
SCENE_B_STUDIO,FT-SCENE_B_STUDIO-1755546234162,2025-08-18T19:46:47.886879,d3278614-507c-4b1a-9e43-41b67272e631,T06,ft,trial,1755546406607,1755546407856,1249
SCENE_B_STUDIO,FT-SCENE_B_STUDIO-1755546234162,2025-08-18T19:47:18.235375,812d1f06-0933-4d2d-8ff2-d4a97095860b,T06,ft,trial,1755546434264,1755546438208,3944
SCENE_B_STUDIO,FT-SCENE_B_STUDIO-1755547721468,2025-08-18T20:08:42.487825,4da3bc20-c2b8-44fe-aac4-550141f4f87b,T06,ft,trial,1755547715702,1755547721462,5760
SCENE_B_STUDIO,FT-SCENE_B_STUDIO-1755547721468,2025-08-18T20:08:42.527200,dcc58053-7a06-44df-b58f-3455d72c16b8,T06,ft,trial,1755547720044,1755547722519,2475
SCENE_B_STUDIO,FT-SCENE_B_STUDIO-1755547721468,2025-08-18T20:08:43.748589,125d4b55-ece8-4276-aaf1-fd323eb485e1,T06,ft,trial,1755547722523,1755547723748,1225
SCENE_B_STUDIO,FT-SCENE_B_STUDIO-1755547721468,2025-08-18T20:08:48.084089,23c286eb-50d3-4e9b-b9fc-502b7b0e25a1,T06,ft,trial,1755547726896,1755547728069,1173
SCENE_B_STUDIO,FT-SCENE_B_STUDIO-1755547721468,2025-08-18T20:08:55.583882,892b9633-a082-4f33-a3a5-42fc9465098c,T06,ft,trial,1755547734281,1755547735567,1286
SCENE_B_STUDIO,FT-SCENE_B_STUDIO-1755547721468,2025-08-18T20:09:02.098703,49757556-783c-4a1b-947b-abe04fd3fb82,T06,ft,trial,1755547740826,1755547742078,1252
SCENE_A_MS,FT-SCENE_A_MS-1755551764079,2025-08-18T21:16:14.749069,4ed41bf4-7a1c-4ac2-906e-f55a8e7a32d4,T01,ft,trial,1755551773467,1755551774725,1258
SCENE_A_MS,FT-SCENE_A_MS-1755551764079,2025-08-18T21:16:21.412661,6cf9a93e-47e5-45c9-a7cf-6dc80b0dd259,T01,ft,trial,1755551779786,1755551781386,1600
SCENE_A_MS,FT-SCENE_A_MS-1755552114392,2025-08-18T21:21:54.498912,06d0a62c-a8b0-4a20-ba32-efdefc45450d,T01,ft,trial,1755552108443,1755552114385,5942
SCENE_A_MS,FT-SCENE_A_MS-1755552114392,2025-08-18T21:22:01.779268,eb1d3adb-358a-4afb-9d55-5ae5d1f5d20c,T01,ft,trial,1755552120331,1755552121750,1419
SCENE_A_MS,FT-SCENE_A_MS-1755552114392,2025-08-18T21:22:10.072690,54833ead-e124-4f1d-9bd3-a88c38be3221,T01,ft,trial,1755552128624,1755552130046,1422
SCENE_A_MS,FT-SCENE_A_MS-1755552731762,2025-08-18T21:32:11.798786,c2a4a508-de9c-46a2-9b2c-110b6480354c,T01,ft,trial,1755552727582,1755552731756,4174
SCENE_A_MS,FT-SCENE_A_MS-1755552731762,2025-08-18T21:32:18.445232,202720c3-3ada-477f-9b5f-844eb321eab3,T01,ft,trial,1755552735961,1755552738407,2446
SCENE_A_MS,FT-SCENE_A_MS-1755552731762,2025-08-18T21:32:31.968148,30ae53d1-7a95-4408-a811-3dd1b137412b,T01,ft,trial,1755552750313,1755552751924,1611
SCENE_A_MS,FT-SCENE_A_MS-1755552731762,2025-08-18T21:33:15.392833,0d53bba4-2c7e-4a51-a175-9e9ec8954d2d,T01,ft,trial,1755552793615,1755552795342,1727
SCENE_A_MS,FT-SCENE_A_MS-1755552731762,2025-08-18T21:33:29.934944,81a73fac-b468-416d-8ef4-6e9364065ef1,T01,ft,trial,1755552808302,1755552809884,1582
SCENE_A_MS,FT-SCENE_A_MS-1755553894942,2025-08-18T21:51:34.976796,196452ee-3cb4-4261-ae9c-4d8e4216f032,T01,ft,trial,1755553888806,1755553894934,6128
SCENE_A_MS,FT-SCENE_A_MS-1755553894942,2025-08-18T21:51:43.164811,16762d10-d2bd-44aa-9c1f-f8a2af4b46aa,T01,ft,trial,1755553901059,1755553903128,2069
SCENE_A_MS,FT-SCENE_A_MS-1755553894942,2025-08-18T21:51:51.562587,c74d5df1-42d2-4b7f-a33b-618050de195a,T01,ft,trial,1755553909888,1755553911525,1637
SCENE_A_MS,FT-SCENE_A_MS-1755553894942,2025-08-18T21:51:58.933490,6086d532-32e1-4a45-a603-fd4af6b8c1f6,T01,ft,trial,1755553917198,1755553918897,1699
SCENE_A_MS,FT-SCENE_A_MS-1755553894942,2025-08-18T21:52:08.146103,bf6c8c1a-d25e-4a72-ae57-210ec4df89a1,T01,ft,trial,1755553926396,1755553928114,1718
SCENE_A_MS,FT-SCENE_A_MS-1755555308603,2025-08-18T22:15:08.622726,1330b186-a64e-4f7e-971f-be6e2cc3758f,T01,ft,trial,1755555302593,1755555308596,6003
SCENE_A_MS,FT-SCENE_A_MS-1755555308603,2025-08-18T22:15:14.865238,d411c713-dea1-4f04-8885-229047cfeaaf,T01,ft,trial,1755555312801,1755555314837,2036
SCENE_A_MS,FT-SCENE_A_MS-1755555308603,2025-08-18T22:15:23.144521,10fc5a0c-d00f-4236-8fca-dd7533c87dc1,T01,ft,trial,1755555321694,1755555323133,1439
SCENE_A_MS,FT-SCENE_A_MS-1755555308603,2025-08-18T22:15:32.881315,c6fc3f90-c06a-4e01-be06-cff1f9c16c5c,T01,ft,trial,1755555331340,1755555332861,1521
SCENE_A_MS,FT-SCENE_A_MS-1755555308603,2025-08-18T22:15:46.807466,2aca2fa5-8533-4ab0-9bb9-7a06d9d4bd79,T01,ft,trial,1755555345253,1755555346784,1531
SCENE_A_MS,FT-SCENE_A_MS-1755555308603,2025-08-18T22:16:08.613865,60400812-c142-4c4d-8a0b-dba345c4392e,T01,ft,trial,1755555366823,1755555368595,1772
SCENE_A_MS,FT-SCENE_A_MS-1755555308603,2025-08-18T22:16:27.052297,eb57ba68-e454-4214-886c-dbb141d9fad4,T01,ft,trial,1755555385191,1755555387028,1837
SCENE_A_MS,FT-SCENE_A_MS-1755555308603,2025-08-18T22:18:09.103678,925f3acd-1d09-4a46-85a1-f894149d46b4,T01,ft,trial,1755555486673,1755555489123,2450
SCENE_A_MS,FT-SCENE_A_MS-1755555308603,2025-08-18T22:18:30.796540,9bcd8525-4fa9-4eec-b6f5-18762d0b1649,T01,ft,trial,1755555508343,1755555510829,2486
SCENE_A_MS,FT-SCENE_A_MS-1755555308603,2025-08-18T22:18:48.113183,efdbc360-4da4-42e7-ae6e-4f2ce80656f0,T01,ft,trial,1755555525938,1755555528138,2200
SCENE_A_MS,FT-SCENE_A_MS-1755555308603,2025-08-18T22:19:13.997363,9584d771-31bf-4405-8c81-a48b649f4ecd,T01,ft,trial,1755555552072,1755555554022,1950
SCENE_A_MS,FT-SCENE_A_MS-1755555903284,2025-08-18T22:25:04.738018,4685631a-ed26-49b5-9653-7c1461c8852c,T01,ft,trial,1755555897303,1755555903278,5975
SCENE_A_MS,FT-SCENE_A_MS-1755555903284,2025-08-18T22:25:04.924466,c63f4454-0be6-4ab3-9675-063916e88573,T01,ft,trial,1755555902001,1755555904918,2917
SCENE_A_MS,FT-SCENE_A_MS-1755555903284,2025-08-18T22:25:06.564190,9a977241-3cbf-4937-9dca-472bbcbc86cd,T01,ft,trial,1755555904921,1755555906554,1633
SCENE_A_MS,FT-SCENE_A_MS-1755555903284,2025-08-18T22:25:22.822881,4029ac29-7c19-41dd-93e2-9b9e5970be39,T01,ft,trial,1755555921275,1755555922836,1561
SCENE_A_MS,FT-SCENE_A_MS-1755555903284,2025-08-18T22:25:34.492750,c4bdf087-34da-46d9-9a58-a1b7dfd3c2fe,T01,ft,trial,1755555932915,1755555934514,1599
SCENE_A_MS,FT-SCENE_A_MS-1755555903284,2025-08-18T22:26:01.548313,ae556690-2a1f-4004-a91b-60a3dce1bb79,T01,ft,trial,1755555959083,1755555961548,2465
SCENE_A_MS,FT-SCENE_A_MS-1755555903284,2025-08-18T22:26:23.245079,4159b088-1f3c-425a-9d79-d6bdb98b9bfa,T01,ft,trial,1755555979853,1755555983253,3400
SCENE_A_MS,FT-SCENE_A_MS-1755557182525,2025-08-18T22:46:22.493836,06ba299f-4890-417a-9821-06c0671f5aa4,T01,ft,trial,1755557176576,1755557182517,5941
SCENE_A_MS,FT-SCENE_A_MS-1755557182525,2025-08-18T22:46:30.421261,ef4f16e1-11a0-4431-9c57-daba65927f66,T01,ft,trial,1755557187573,1755557190446,2873
SCENE_A_MS,FT-SCENE_A_MS-1755557182525,2025-08-18T22:46:43.064833,be6d47a1-28b8-4cc8-be29-e86b9c599390,T01,ft,trial,1755557201538,1755557203094,1556
SCENE_A_MS,FT-SCENE_A_MS-1755557182525,2025-08-18T22:47:04.978013,84bbb6e1-7a8e-4667-9d79-3d9f1c8e8a72,T01,ft,trial,1755557223390,1755557225008,1618
SCENE_A_MS,FT-SCENE_A_MS-1755557182525,2025-08-18T22:47:19.412543,b9c70b39-731f-42ee-98ca-91a4643a0cd9,T01,ft,trial,1755557237223,1755557239444,2221
SCENE_A_MS,FT-SCENE_A_MS-1755557182525,2025-08-18T22:47:42.161274,879d1047-cc92-42ec-b109-0b4ee6014179,T01,ft,trial,1755557260411,1755557262175,1764
SCENE_A_MS,FT-SCENE_A_MS-1755557182525,2025-08-18T22:48:07.542162,b1eea535-b36a-422d-b77a-fca34ea43b29,T01,ft,trial,1755557284718,1755557287488,2770
SCENE_A_MS,FT-SCENE_A_MS-1755557182525,2025-08-18T22:48:26.392782,c669ed05-0a09-4ded-baf8-4de48732aea1,T01,ft,trial,1755557303869,1755557306423,2554
SCENE_A_MS,FT-SCENE_A_MS-1755557182525,2025-08-18T22:49:03.275170,2542c2c0-3ad3-4ac0-9dee-e67053e22083,T01,ft,trial,1755557341170,1755557343288,2118
SCENE_A_MS,FT-SCENE_A_MS-1755557182525,2025-08-18T22:49:36.670374,8b9d9987-8fc4-4638-8a3f-7e5d8ee93764,T01,ft,trial,1755557374307,1755557376665,2358
SCENE_B_STUDIO,FT-SCENE_B_STUDIO-1755558121222,2025-08-18T23:02:09.994958,64e99c46-95d4-4bea-954c-26efd9fbf7a5,T01,ft,trial,1755558128017,1755558130021,2004
SCENE_B_STUDIO,FT-SCENE_B_STUDIO-1755558121222,2025-08-18T23:02:26.587910,8b743934-5faa-42db-a2dc-dbcb69210275,T01,ft,trial,1755558145248,1755558146617,1369
SCENE_B_STUDIO,FT-SCENE_B_STUDIO-1755558121222,2025-08-18T23:02:36.517987,d11ecb02-3594-486f-94a5-22e2f36f5927,T01,ft,trial,1755558155185,1755558156546,1361
SCENE_B_STUDIO,FT-SCENE_B_STUDIO-1755558121222,2025-08-18T23:03:05.907975,ee862d9b-9836-4dca-92be-0b152b4c5296,T01,ft,trial,1755558184377,1755558185933,1556
SCENE_B_STUDIO,FT-SCENE_B_STUDIO-1755558121222,2025-08-18T23:03:27.614142,61a95888-6aee-441e-a724-2a3923816da4,T01,ft,trial,1755558206083,1755558207642,1559
SCENE_B_STUDIO,FT-SCENE_B_STUDIO-1755558121222,2025-08-18T23:04:03.963492,78126692-03e2-4db4-b390-bf8d5b551c21,T01,ft,trial,1755558242390,1755558243994,1604
SCENE_A_MS,FT-SCENE_A_MS-1755790084235,2025-08-21T15:28:09.697443,69b49ca7-d272-4f5d-b8e1-19fd7963d8c1,P01,ft,trial,1755790087648,1755790089665,2017
SCENE_A_MS,FT-SCENE_A_MS-1755790084235,2025-08-21T15:28:18.608309,fde4386e-0402-4082-b1c4-e9881e77d754,P01,ft,trial,1755790097073,1755790098571,1498
SCENE_A_MS,FT-SCENE_A_MS-1755790084235,2025-08-21T15:28:33.154445,75d36ebc-9a78-41a9-aee6-a0f7c813efa8,P01,ft,trial,1755790111558,1755790113112,1554
SCENE_A_MS,FT-SCENE_A_MS-1755790084235,2025-08-21T15:29:12.368563,04899efd-8d66-4914-95a0-59fe89e02390,P01,ft,trial,1755790150314,1755790152333,2019
SCENE_A_MS,FT-SCENE_A_MS-1755790084235,2025-08-21T15:29:22.301182,08d02d1e-dd2a-4222-bfef-7b437149002f,P01,ft,trial,1755790159973,1755790162264,2291
SCENE_A_MS,FT-SCENE_A_MS-1755790084235,2025-08-21T15:29:48.521127,49e54cdd-c74e-4ef8-9141-b31d8c223f30,P01,ft,trial,1755790186644,1755790188481,1837
SCENE_A_MS,FT-SCENE_A_MS-1755790084235,2025-08-21T15:30:00.487712,a1cefff8-dd7b-4eae-af03-893cec73a397,P01,ft,trial,1755790198097,1755790200462,2365
SCENE_A_MS,FT-SCENE_A_MS-1755792145236,2025-08-21T16:02:25.372650,cd362956-ccfb-4e49-8bdf-74839ce37b22,P01,ft,trial,1755792143775,1755792145231,1456
SCENE_A_MS,FT-SCENE_A_MS-1755792145236,2025-08-21T16:02:36.934355,4c1bfefa-8999-47ae-8319-6e03426100c0,P01,ft,trial,1755792154935,1755792156792,1857
SCENE_A_MS,FT-SCENE_A_MS-1755792145236,2025-08-21T16:02:51.168093,3f82d3e5-f94a-4b49-9705-62b431fc4d98,P01,ft,trial,1755792168854,1755792171028,2174
SCENE_A_MS,FT-SCENE_A_MS-1755792145236,2025-08-21T16:03:04.109029,0de67c24-9a32-4db3-a820-f232f5e7664e,P01,ft,trial,1755792182418,1755792183966,1548
SCENE_A_MS,FT-SCENE_A_MS-1755792145236,2025-08-21T16:03:35.094305,20eb3bd5-a6dd-45fb-9e21-9361072967dc,P01,ft,trial,1755792211895,1755792214953,3058
SCENE_A_MS,FT-SCENE_A_MS-1755792145236,2025-08-21T16:03:49.026309,64a4100e-5c54-45fe-8835-d1232b76fee8,P01,ft,trial,1755792226595,1755792228883,2288
SCENE_A_MS,FT-SCENE_A_MS-1755792145236,2025-08-21T16:04:00.807221,57bbc0a3-b77d-44ad-96f9-18bbf1c1b24d,P01,ft,trial,1755792238413,1755792240644,2231
SCENE_A_MS,FT-SCENE_A_MS-1755792145236,2025-08-21T16:04:13.963861,de884b1a-f6ea-4c34-a767-07e845b250a9,P01,ft,trial,1755792251900,1755792253803,1903
SCENE_A_MS,FT-SCENE_A_MS-1755868074176,2025-08-22T13:07:54.368644,d259016f-254a-41ef-b2be-80ba9c61bdd6,P01,ft,trial,1755868068129,1755868074169,6040
SCENE_A_MS,FT-SCENE_A_MS-1755868074176,2025-08-22T13:08:06.436740,00f7bb33-8fc4-4a69-bd59-bd6b44db43a2,P01,ft,trial,1755868084204,1755868086251,2047
SCENE_A_MS,FT-SCENE_A_MS-1755868074176,2025-08-22T13:08:28.550132,2d263513-8555-4eba-a1ca-2226d7ac07ee,P01,ft,trial,1755868106614,1755868108369,1755
SCENE_A_MS,FT-SCENE_A_MS-1755868074176,2025-08-22T13:08:55.594805,3e655c6b-f220-4f57-9ac9-e2815ddad1e7,P01,ft,trial,1755868133521,1755868135405,1884
SCENE_A_MS,FT-SCENE_A_MS-1755868854548,2025-08-22T13:20:54.736955,6a9309c8-36cf-4df1-a59f-97558a21b9b9,P01,ft,trial,1755868848666,1755868854541,5875
SCENE_A_MS,FT-SCENE_A_MS-1755868854548,2025-08-22T13:21:10.399221,4042d7d9-e741-443e-a072-5065ac84a377,P01,ft,trial,1755868867983,1755868870220,2237
SCENE_A_MS,FT-SCENE_A_MS-1755868854548,2025-08-22T13:21:27.398160,739e4043-e071-4aed-8085-88c3d0dffc9b,P01,ft,trial,1755868885562,1755868887219,1657
SCENE_A_MS,FT-SCENE_A_MS-1755868854548,2025-08-22T13:21:44.003202,e5d01451-7b6e-4376-88ca-a2cb844faa73,P01,ft,trial,1755868902230,1755868903806,1576
SCENE_A_MS,FT-SCENE_A_MS-1755868854548,2025-08-22T13:22:24.742549,7270fb03-1736-45b1-8ec8-e86d14ba9427,P01,ft,trial,1755868942544,1755868944562,2018
SCENE_A_MS,FT-SCENE_A_MS-1755868854548,2025-08-22T13:22:37.547487,9a77e148-47a6-4bd9-9529-9c70483b0c16,P01,ft,trial,1755868955382,1755868957367,1985
SCENE_A_MS,FT-SCENE_A_MS-1755868854548,2025-08-22T13:22:51.781209,ddd7ce2e-d93a-45c2-8ea6-36d1317caba5,P01,ft,trial,1755868970147,1755868971597,1450
SCENE_A_MS,FT-SCENE_A_MS-1755868854548,2025-08-22T13:23:46.477445,48eaa8f6-a344-4a61-8b42-f3f004b452c7,P01,ft,trial,1755869024573,1755869026277,1704
SCENE_A_MS,FT-SCENE_A_MS-1755868854548,2025-08-22T13:24:30.726377,c44d8d93-7d0e-4e13-9beb-4a83b2fa3f01,P01,ft,trial,1755869068332,1755869070513,2181
SCENE_A_MS,FT-SCENE_A_MS-1755868854548,2025-08-22T13:25:36.071601,ce0ff544-b520-4015-90a6-eaf2d60a29df,P01,ft,trial,1755869133667,1755869135844,2177
SCENE_B_STUDIO,FT-SCENE_B_STUDIO-1755869172611,2025-08-22T13:26:12.784945,5f5ab678-205a-4a22-8793-082024b12f3a,P01,ft,trial,1755869171275,1755869172605,1330
SCENE_B_STUDIO,FT-SCENE_B_STUDIO-1755869172611,2025-08-22T13:26:21.699505,9c24d988-726d-4c6e-87a3-bf6d0027fbe5,P01,ft,trial,1755869179899,1755869181513,1614
SCENE_B_STUDIO,FT-SCENE_B_STUDIO-1755869172611,2025-08-22T13:26:36.143324,84f10358-3359-401e-8e7f-8cbc5e0f1912,P01,ft,trial,1755869194422,1755869195958,1536
SCENE_B_STUDIO,FT-SCENE_B_STUDIO-1755869172611,2025-08-22T13:26:48.219744,702aa549-4fd6-422c-9157-f65bad35ae76,P01,ft,trial,1755869206578,1755869208035,1457
SCENE_B_STUDIO,FT-SCENE_B_STUDIO-1755869172611,2025-08-22T13:27:22.432051,a854d323-0910-4aa6-ae88-c33f2f6f78a9,P01,ft,trial,1755869240408,1755869242238,1830
SCENE_B_STUDIO,FT-SCENE_B_STUDIO-1755869172611,2025-08-22T13:27:35.836644,593115d2-6200-4499-8285-655406aecae6,P01,ft,trial,1755869253848,1755869255651,1803
SCENE_B_STUDIO,FT-SCENE_B_STUDIO-1755872175853,2025-08-22T14:16:15.795162,0ce9b978-c233-477b-be54-be7a205e1eed,P01,ft,trial,1755872169672,1755872175848,6176
SCENE_B_STUDIO,FT-SCENE_B_STUDIO-1755872175853,2025-08-22T14:16:29.104472,34a8dc0f-e5f1-4b32-ab79-b56bf9cee03e,P01,ft,trial,1755872186810,1755872189155,2345
SCENE_B_STUDIO,FT-SCENE_B_STUDIO-1755872175853,2025-08-22T14:16:42.717066,38c1be8b-f7a1-47a3-8782-1f7b7c7f92aa,P01,ft,trial,1755872201038,1755872202777,1739
SCENE_B_STUDIO,FT-SCENE_B_STUDIO-1755872175853,2025-08-22T14:19:05.881438,e206c667-d6c6-4d36-84e2-e21a92a01750,P01,ft,trial,1755872342639,1755872345934,3295
SCENE_B_STUDIO,FT-SCENE_B_STUDIO-1755872175853,2025-08-22T14:20:05.571880,0b37791d-78b6-401f-89d3-3419dc4d1282,P01,ft,trial,1755872403072,1755872405634,2562
SCENE_A_MS,FT-SCENE_A_MS-1755875743356,2025-08-22T15:15:43.440434,9d997168-b7db-481a-966a-a0b47e489404,P01,ft,trial,1755875737109,1755875743349,6240
SCENE_A_MS,FT-SCENE_A_MS-1755875743356,2025-08-22T15:15:50.687595,961d2aa1-c395-4a09-89b3-d72c4af74fdf,P01,ft,trial,1755875748746,1755875750615,1869
SCENE_A_MS,FT-SCENE_A_MS-1755875743356,2025-08-22T15:16:01.123127,c89cff07-7826-481f-830d-7453b63c2d83,P01,ft,trial,1755875759559,1755875761053,1494
SCENE_A_MS,FT-SCENE_A_MS-1755875743356,2025-08-22T15:18:53.782525,b0ab1c5e-e07d-49f8-ad92-adb553bf8b5e,P01,ft,trial,1755875929638,1755875933737,4099
SCENE_A_MS,FT-SCENE_A_MS-1755875933746,2025-08-22T15:18:59.161485,10c3dba4-a159-4b0e-91be-fc44889f2fa0,P01,ft,trial,1755875937004,1755875939058,2054
SCENE_A_MS,FT-SCENE_A_MS-1755875933746,2025-08-22T15:19:49.900764,02675a71-e58e-461c-b65a-1643cb50cbcf,P01,ft,trial,1755875987319,1755875989848,2529
SCENE_A_MS,FT-SCENE_A_MS-1755875933746,2025-08-22T15:20:00.640670,25a34ce9-138c-4e68-b4a3-22d2de5a1b38,P01,ft,trial,1755875998260,1755876000601,2341
SCENE_A_MS,FT-SCENE_A_MS-1755875933746,2025-08-22T15:20:24.313663,e62172f6-d651-408a-8284-19bd8d0c46e4,P01,ft,trial,1755876022364,1755876024261,1897
SCENE_A_MS,FT-SCENE_A_MS-1755875933746,2025-08-22T15:21:09.873716,80bca095-d3d8-4494-a1f2-b325d30c7668,P01,ft,trial,1755876066844,1755876069825,2981
SCENE_A_MS,FT-SCENE_A_MS-1755877376947,2025-08-22T15:42:57.029436,57f19222-e06d-466d-9608-ea27df11a657,P01,ft,trial,1755877371179,1755877376940,5761
SCENE_A_MS,FT-SCENE_A_MS-1755877376947,2025-08-22T15:42:59.579297,bd923745-3757-4e0a-8a59-e4b935e05521,P01,ft,trial,1755877377393,1755877379500,2107
SCENE_A_MS,FT-SCENE_A_MS-1755877376947,2025-08-22T15:43:30.677623,9b64520e-cdd8-4e07-86dd-846eb30e5cd2,P01,ft,trial,1755877406840,1755877410427,3587
SCENE_A_MS,FT-SCENE_A_MS-1755877376947,2025-08-22T15:43:50.466443,2a9277e4-6b66-42b0-9bf3-4156cec2e569,P01,ft,trial,1755877427686,1755877430394,2708
SCENE_A_MS,FT-SCENE_A_MS-1755878251658,2025-08-22T15:57:31.770285,7357556d-a89f-4670-bc1e-4a325cbf5008,P01,ft,trial,1755878245876,1755878251649,5773
SCENE_A_MS,FT-SCENE_A_MS-1755878251658,2025-08-22T15:57:34.681019,87eb7fd1-e7b6-4d56-ae0f-d8126fdef171,P01,ft,trial,1755878252727,1755878254615,1888
SCENE_A_MS,FT-SCENE_A_MS-1755878251658,2025-08-22T15:58:03.159260,83a161b2-58fc-44e9-abdc-3be218fef07d,P01,ft,trial,1755878279203,1755878283085,3882
SCENE_A_MS,FT-SCENE_A_MS-1755878251658,2025-08-22T15:58:22.412425,eb5c9a74-0141-4070-9bc2-7765ff81b0c3,P01,ft,trial,1755878299401,1755878302341,2940
SCENE_A_MS,FT-SCENE_A_MS-1755878251658,2025-08-22T15:58:44.536038,3a092eb6-ee4b-4f1c-a5c4-c171a1564043,P01,ft,trial,1755878321623,1755878324451,2828
SCENE_A_MS,FT-SCENE_A_MS-1755878251658,2025-08-22T15:59:22.138122,9d021298-cea6-4b38-ba03-227d16f887e4,P01,ft,trial,1755878358901,1755878362031,3130
SCENE_A_MS,FT-SCENE_A_MS-1755880375446,2025-08-22T16:32:56.450936,4952ec0d-b732-4dda-a493-ded6a44dd25c,P01,ft,trial,1755880369107,1755880375436,6329
SCENE_A_MS,FT-SCENE_A_MS-1755880375446,2025-08-22T16:32:56.740788,9ddd8038-1a96-491b-8c26-aef2613556df,P01,ft,trial,1755880373864,1755880376560,2696
SCENE_A_MS,FT-SCENE_A_MS-1755880376562,2025-08-22T16:33:03.508688,a5d4abf7-543b-4d41-9c18-ad88f78adeae,P01,ft,trial,1755880382118,1755880383468,1350
SCENE_A_MS,FT-SCENE_A_MS-1755880743156,2025-08-22T16:39:07.073744,d3be7316-d128-4e21-9c7b-1dbdc1451527,P01,ft,trial,1755880745439,1755880747032,1593
SCENE_A_MS,FT-SCENE_A_MS-1755880743156,2025-08-22T16:39:14.348085,bdc56067-ab16-4960-9ab3-39fdf5fc98b0,P01,ft,trial,1755880752727,1755880754304,1577
SCENE_A_MS,FT-SCENE_A_MS-1755880743156,2025-08-22T16:39:26.321958,d800c778-f8dc-4651-9790-a7d6c173b3d8,P01,ft,trial,1755880764882,1755880766279,1397
SCENE_A_MS,FT-SCENE_A_MS-1755881122764,2025-08-22T16:45:22.820412,beed625c-e14b-4570-a2e5-07cf052df4eb,P01,ft,trial,1755881116875,1755881122756,5881
SCENE_A_MS,FT-SCENE_A_MS-1755881122764,2025-08-22T16:45:26.923758,ca38006e-7ce2-492a-a565-3a5dcf809bcd,P01,ft,trial,1755881125363,1755881126865,1502
SCENE_A_MS,FT-SCENE_A_MS-1755881122764,2025-08-22T16:45:42.376639,ec98cef9-8904-489e-a1d3-895fc1ebdb71,P01,ft,trial,1755881140625,1755881142324,1699
SCENE_A_MS,FT-SCENE_A_MS-1755881458631,2025-08-22T16:51:01.667743,438b7483-ddd3-40f7-80ae-f3ed89083ce0,P01,ft,trial,1755881460060,1755881461606,1546
SCENE_A_MS,FT-SCENE_A_MS-1755881458631,2025-08-22T16:51:13.237959,7a1fdfac-2f6f-48db-bb4a-dcc7feb60b46,P01,ft,trial,1755881471554,1755881473175,1621
SCENE_A_MS,FT-SCENE_A_MS-1755881458631,2025-08-22T16:51:26.862516,4e8dc92d-d609-4763-93ce-acdbf516c5e4,P01,ft,trial,1755881484668,1755881486796,2128
SCENE_A_MS,FT-SCENE_A_MS-1755881458631,2025-08-22T16:51:47.911288,35268e16-77f7-41d5-96f7-2671648fca9c,P01,ft,trial,1755881506298,1755881507843,1545
SCENE_A_MS,FT-SCENE_A_MS-1755881458631,2025-08-22T16:51:58.711727,7c0a34f7-3a0c-48d3-8836-96e7b3bdfdac,P01,ft,trial,1755881517265,1755881518641,1376
SCENE_A_MS,FT-SCENE_A_MS-1755881458631,2025-08-22T16:52:39.275455,5bf58ca2-06c8-4f0d-9ecd-b7f5ab71ae5e,P01,ft,trial,1755881556905,1755881559197,2292
SCENE_A_MS,FT-SCENE_A_MS-1755882277727,2025-08-22T17:04:39.435011,9bc37f66-c4eb-422d-b13d-74387acc3352,P01,ft,trial,1755882277930,1755882279362,1432
SCENE_A_MS,FT-SCENE_A_MS-1755882277727,2025-08-22T17:04:48.960630,c0a3386d-2e52-4433-b8fe-20a9f3a028c5,P01,ft,trial,1755882287429,1755882288887,1458
SCENE_A_MS,FT-SCENE_A_MS-1755882277727,2025-08-22T17:05:09.028972,6aeac11a-23a4-426e-af68-df20f2058c79,P01,ft,trial,1755882307467,1755882308956,1489
SCENE_A_MS,FT-SCENE_A_MS-1755885481209,2025-08-22T17:58:02.115035,1b649dc7-d013-4aa3-beaa-7bf98f664cdd,P01,ft,trial,1755885475388,1755885481206,5818
SCENE_A_MS,FT-SCENE_A_MS-1755885482152,2025-08-22T17:58:02.237299,49e48015-6fa5-4199-b89a-18a2f5e0f899,P01,ft,trial,1755885480552,1755885482150,1598
SCENE_A_MS,FT-SCENE_A_MS-1755885482152,2025-08-22T17:58:21.793807,ff76cb97-20e4-4c1e-9588-6e0cab34843e,P01,ft,trial,1755885500206,1755885501702,1496
SCENE_A_MS,FT-SCENE_A_MS-1755885482152,2025-08-22T17:58:46.955006,e3c0eb20-531d-4bb8-8e25-cc0e06609d09,P01,ft,trial,1755885525384,1755885526795,1411
SCENE_A_MS,FT-SCENE_A_MS-1755898148704,2025-08-22T21:29:08.779189,33d2be7b-64af-493f-b01c-78f9e4e19da3,P01,ft,trial,1755898142769,1755898148700,5931
SCENE_A_MS,FT-SCENE_A_MS-1755898148704,2025-08-22T21:29:13.704895,100628f4-7e15-453b-a69e-09827379bbe1,P01,ft,trial,1755898152030,1755898153625,1595
SCENE_A_MS,FT-SCENE_A_MS-1755898148704,2025-08-22T21:29:35.638510,af7d8cc9-4a7f-419e-9e92-20b80b42f553,P01,ft,trial,1755898173690,1755898175412,1722
SCENE_A_MS,FT-SCENE_A_MS-1755898148704,2025-08-22T21:29:52.172194,83cd335a-b4ee-459f-80a1-cd9a27dfb9d3,P01,ft,trial,1755898190761,1755898192125,1364
SCENE_A_MS,FT-SCENE_A_MS-1755898527792,2025-08-22T21:35:27.879783,da0549d4-8682-4ed1-850a-3e0a52b80f93,P01,ft,trial,1755898521975,1755898527789,5814
SCENE_A_MS,FT-SCENE_A_MS-1755898527792,2025-08-22T21:35:29.888678,fabed9b2-24a4-4ccb-a123-496ec75894dd,P01,ft,trial,1755898528266,1755898529845,1579
SCENE_A_MS,FT-SCENE_A_MS-1755898527792,2025-08-22T21:35:41.145776,8cd2b43d-4232-4724-a033-e1efe2681f83,P01,ft,trial,1755898539506,1755898541096,1590
SCENE_A_MS,FT-SCENE_A_MS-1755898527792,2025-08-22T21:35:57.338799,4f59ac95-b688-4738-b556-8f8ccc1cbe0c,P01,ft,trial,1755898555841,1755898557286,1445
SCENE_A_MS,FT-SCENE_A_MS-1755898527792,2025-08-22T21:36:09.421135,eeeb3aba-4761-4012-8eed-5ae76fcb3ba9,P01,ft,trial,1755898567863,1755898569369,1506
SCENE_A_MS,FT-SCENE_A_MS-1755898863187,2025-08-22T21:41:03.255552,db6b48a7-a090-40fe-9aae-fe0188094e53,P01,ft,trial,1755898859260,1755898863182,3922
SCENE_A_MS,FT-SCENE_A_MS-1755898863187,2025-08-22T21:41:05.162367,9076c7df-bade-4889-94aa-1ae126abdfe5,P01,ft,trial,1755898863576,1755898865114,1538
SCENE_A_MS,FT-SCENE_A_MS-1755898863187,2025-08-22T21:41:21.735172,608e9e12-1fab-44c6-8758-c3a579f9cbc5,P01,ft,trial,1755898880346,1755898881692,1346
SCENE_A_MS,FT-SCENE_A_MS-1755898863187,2025-08-22T21:41:55.940503,41c8cae3-e2a9-4e44-94e0-0902a0466ad0,P01,ft,trial,1755898914541,1755898915893,1352
SCENE_A_MS,FT-SCENE_A_MS-1755898863187,2025-08-22T21:42:11.256880,be83996d-830e-4596-8444-94448d22c78a,P01,ft,trial,1755898929851,1755898931209,1358
SCENE_A_MS,FT-SCENE_A_MS-1755898863187,2025-08-22T21:42:31.678444,ef3b3b02-e0b3-48cc-8414-7648dd6c005a,P01,ft,trial,1755898950060,1755898951638,1578
SCENE_A_MS,FT-SCENE_A_MS-1755898863187,2025-08-22T21:42:43.577045,f552faac-9186-4d97-9e94-dd9daf7204a2,P01,ft,trial,1755898962165,1755898963521,1356
SCENE_A_MS,FT-SCENE_A_MS-1755902121036,2025-08-22T22:35:22.612708,f74dc36a-e9bf-48eb-8be1-4de7a432bfeb,P01,ft,trial,1755902115037,1755902121034,5997
SCENE_A_MS,FT-SCENE_A_MS-1755902122793,2025-08-22T22:35:22.794544,b9b81f26-b8b1-4f65-b2a9-efa75ca8e581,P01,ft,trial,1755902118953,1755902122792,3839
SCENE_A_MS,FT-SCENE_A_MS-1755902122793,2025-08-22T22:35:32.277463,aa2d6007-cfd2-41c4-a357-ca535fa735ae,P01,ft,trial,1755902130912,1755902132300,1388
SCENE_A_MS,FT-SCENE_A_MS-1755902122793,2025-08-22T22:35:46.709164,303d5f68-718a-48d4-bd33-c8e93d3ce98b,P01,ft,trial,1755902145308,1755902146733,1425
SCENE_A_MS,FT-SCENE_A_MS-1755902122793,2025-08-22T22:36:02.182774,7e778d56-e8e3-4010-a55f-fbd28dc0ce3f,P01,ft,trial,1755902160804,1755902162200,1396
SCENE_A_MS,FT-SCENE_A_MS-1755903078790,2025-08-22T22:51:19.693844,1e464e92-7f54-4583-b833-9f68acb501f0,P01,ft,trial,1755903072884,1755903078785,5901
SCENE_A_MS,FT-SCENE_A_MS-1755903079724,2025-08-22T22:51:19.794578,30686faa-52aa-48d5-9133-30d5def3aec6,P01,ft,trial,1755903077625,1755903079722,2097
SCENE_A_MS,FT-SCENE_A_MS-1755903079724,2025-08-22T22:51:35.932725,87429543-9c4b-4657-9be0-290676a79f50,P01,ft,trial,1755903093740,1755903095883,2143
SCENE_A_MS,FT-SCENE_A_MS-1755903079724,2025-08-22T22:52:10.756920,8d254a66-8521-4e3b-a2aa-11bb6c13d010,P01,ft,trial,1755903128970,1755903130707,1737
SCENE_A_MS,FT-SCENE_A_MS-1755903079724,2025-08-22T22:52:25.007090,84a03e09-85cf-4757-bb50-3ec8f2b241af,P01,ft,trial,1755903143574,1755903144974,1400
SCENE_A_MS,FT-SCENE_A_MS-1755903079724,2025-08-22T22:52:44.944337,ba9d3bf1-8441-4e49-99f5-f8df9375f85f,P01,ft,trial,1755903163313,1755903164901,1588
SCENE_A_MS,FT-SCENE_A_MS-1755903079724,2025-08-22T22:53:00.922901,8ff4ae2c-98c7-45a7-8328-8967b11f72f4,P01,ft,trial,1755903179558,1755903180879,1321
SCENE_A_MS,FT-SCENE_A_MS-1755903079724,2025-08-22T22:53:26.637599,ae8fcc3a-a108-4069-86c1-728fa20d5b7f,P01,ft,trial,1755903204884,1755903206583,1699
SCENE_B_STUDIO,FT-SCENE_B_STUDIO-1755905552214,2025-08-22T23:32:33.118222,298f1d74-2009-479b-a34f-5ab1eceb5710,P01,ft,trial,1755905546076,1755905552209,6133
SCENE_B_STUDIO,FT-SCENE_B_STUDIO-1755905552214,2025-08-22T23:32:33.158527,bd031bd9-0393-4a3c-8e44-50932d4a46aa,P01,ft,trial,1755905550395,1755905553127,2732
SCENE_B_STUDIO,FT-SCENE_B_STUDIO-1755905553131,2025-08-22T23:32:39.509002,e331a148-ae33-4e36-9bc5-8f5758a50cca,P01,ft,trial,1755905558104,1755905559478,1374
SCENE_A_MS,FT-SCENE_A_MS-1755906214760,2025-08-22T23:43:35.590773,3d704e44-8902-47c8-b639-4c6e58248871,P01,ft,trial,1755906208755,1755906214759,6004
SCENE_A_MS,FT-SCENE_A_MS-1755906215692,2025-08-22T23:43:35.736740,1e4da0d6-2c0c-43ae-9534-5f803e21f5cf,P01,ft,trial,1755906213889,1755906215690,1801
SCENE_A_MS,FT-SCENE_A_MS-1755906215692,2025-08-22T23:43:48.634595,5e0092fe-819a-425c-8662-8c3af8fa1612,P01,ft,trial,1755906227063,1755906228585,1522
SCENE_A_MS,FT-SCENE_A_MS-1755906215692,2025-08-22T23:44:17.906408,3b3102ab-486e-4484-8f63-0d8415163d47,P01,ft,trial,1755906256245,1755906257872,1627
SCENE_A_MS,FT-SCENE_A_MS-1755906215692,2025-08-22T23:44:38.700255,61439cae-f245-432f-9fc9-b92637fb6189,P01,ft,trial,1755906277165,1755906278654,1489
SCENE_A_MS,FT-SCENE_A_MS-1755906215692,2025-08-22T23:44:56.520661,91eb7fc0-d205-4cec-b865-93a46747f4f9,P01,ft,trial,1755906295057,1755906296478,1421
SCENE_A_MS,FT-SCENE_A_MS-1755906215692,2025-08-22T23:45:09.939487,3b0f3bf7-bb6b-4353-9274-747a5938bf81,P01,ft,trial,1755906308385,1755906309891,1506
SCENE_A_MS,FT-SCENE_A_MS-1755906215692,2025-08-22T23:45:35.434232,19d25714-2d60-424c-9804-9b847c16a58c,P01,ft,trial,1755906333828,1755906335386,1558
SCENE_A_MS,FT-SCENE_A_MS-1755906756152,2025-08-22T23:52:36.210614,9edd6f26-f80a-480e-98ce-56857054c701,P01,ft,trial,1755906750238,1755906756150,5912
SCENE_A_MS,FT-SCENE_A_MS-1755906756152,2025-08-22T23:52:39.880379,a265ddf3-9cf8-423e-b8d5-7e84759ce6c1,P01,ft,trial,1755906758298,1755906759837,1539
SCENE_A_MS,FT-SCENE_A_MS-1755906756152,2025-08-22T23:52:56.877967,4ab24004-bd1a-4cc5-a24c-63c64c960406,P01,ft,trial,1755906775424,1755906776837,1413
SCENE_A_MS,FT-SCENE_A_MS-1755906756152,2025-08-22T23:53:13.178966,ec5bd7db-cf62-47f0-bdb9-2b6032a9d962,P01,ft,trial,1755906791590,1755906793123,1533
SCENE_B_STUDIO,FT-SCENE_A_MS-1755906756152,2025-08-22T23:53:44.391722,9e1f15d8-2d73-447b-b798-1ae5dea3564d,P01,ft,trial,1755906822573,1755906824239,1666
SCENE_B_STUDIO,FT-SCENE_B_STUDIO-1755906824241,2025-08-22T23:53:49.319289,a1be971e-5ef4-4348-a75a-113cc3cfb7d0,P01,ft,trial,1755906827697,1755906829264,1567
SCENE_B_STUDIO,FT-SCENE_B_STUDIO-1755906824241,2025-08-22T23:53:56.781434,a2caef4b-e096-45d5-8748-dc063407229b,P01,ft,trial,1755906835152,1755906836738,1586
SCENE_B_STUDIO,FT-SCENE_B_STUDIO-1755907859829,2025-08-23T00:11:00.799943,bc19c05b-a795-445b-bd23-a7f0208e2861,P01,ft,trial,1755907853890,1755907859824,5934
SCENE_B_STUDIO,FT-SCENE_B_STUDIO-1755907860846,2025-08-23T00:11:00.906070,a13ba6e0-0284-4eae-97ee-9fec71455924,P01,ft,trial,1755907858263,1755907860841,2578
SCENE_B_STUDIO,FT-SCENE_B_STUDIO-1755907860846,2025-08-23T00:11:07.548975,3ca533ba-0141-4711-98c1-1a0c0393d8ce,P01,ft,trial,1755907865826,1755907867496,1670
SCENE_A_MS,FT-SCENE_B_STUDIO-1755907860846,2025-08-23T00:11:20.750394,13a119ce-4ead-4baa-8fbe-223a23a2e246,P01,ft,trial,1755907879276,1755907880702,1426
SCENE_A_MS,FT-SCENE_B_STUDIO-1755907860846,2025-08-23T00:11:30.080816,d5dfcff6-957b-4f84-83e3-92f0daff5d1e,P01,ft,trial,1755907888601,1755907890022,1421
SCENE_A_MS,FT-SCENE_A_MS-1755907890025,2025-08-23T00:11:34.590507,259b59bb-5afc-4e5a-a16c-42aa0ad68aa3,P01,ft,trial,1755907893222,1755907894533,1311
SCENE_A_MS,FT-SCENE_A_MS-1755907890025,2025-08-23T00:11:43.898811,ffe3dc25-59d0-4279-8b72-0d57736b946a,P01,ft,trial,1755907902457,1755907903849,1392
SCENE_A_MS,FT-SCENE_A_MS-1755907890025,2025-08-23T00:12:14.873391,5cc5ef32-a8ff-4585-a958-f5f74d821208,P01,ft,trial,1755907932820,1755907934814,1994
SCENE_A_MS,FT-SCENE_A_MS-1755907890025,2025-08-23T00:12:24.972123,a59f66ba-9492-4d9c-a579-2f1ad998bdca,P01,ft,trial,1755907943464,1755907944912,1448
SCENE_A_MS,FT-SCENE_A_MS-1755907890025,2025-08-23T00:12:37.261865,bf10a1fe-f6ff-4a25-8b5f-f8965b4be9cd,P01,ft,trial,1755907955370,1755907957198,1828
SCENE_A_MS,FT-SCENE_A_MS-1755907890025,2025-08-23T00:13:11.283691,5c844866-14b9-4844-8eb3-b34a3d9770ce,P01,ft,trial,1755907989472,1755907991197,1725
SCENE_A_MS,FT-SCENE_A_MS-1755908541803,2025-08-23T00:22:21.887526,e6489670-290e-448e-a838-bd1dad4d1a40,P01,ft,trial,1755908535898,1755908541802,5904
SCENE_A_MS,FT-SCENE_A_MS-1755908543094,2025-08-23T00:22:23.164326,85d78327-9f74-40cf-830a-af32375482e1,P01,ft,trial,1755908541800,1755908543091,1291
SCENE_A_MS,FT-SCENE_A_MS-1755908543094,2025-08-23T00:22:32.065669,0933d283-a491-40a9-b09e-a939acaa2a42,P01,ft,trial,1755908550558,1755908551996,1438
SCENE_A_MS,FT-SCENE_A_MS-1755908543094,2025-08-23T00:23:00.422899,42f862b5-6304-4fe9-b784-42d674c4f94a,P01,ft,trial,1755908578857,1755908580359,1502
SCENE_A_MS,FT-SCENE_A_MS-1755908543094,2025-08-23T00:23:43.537560,04807625-cf9c-48d8-9588-e631021dc21c,P01,ft,trial,1755908621394,1755908623469,2075
SCENE_B_STUDIO,FT-SCENE_B_STUDIO-1755958812082,2025-08-23T14:20:12.161044,dda66020-0235-4bd9-85ba-e8545052b052,P01,ft,trial,1755958806327,1755958812078,5751
SCENE_B_STUDIO,FT-SCENE_B_STUDIO-1755958812082,2025-08-23T14:20:20.651743,bff9207c-3b20-4883-9f74-d70eb85f3f22,P01,ft,trial,1755958819130,1755958820577,1447
SCENE_A_MS,FT-SCENE_A_MS-1755958846492,2025-08-23T14:20:46.577188,ba3d128c-28bc-446f-9c69-fef8cc484889,P01,ft,trial,1755958845086,1755958846489,1403
SCENE_A_MS,FT-SCENE_A_MS-1755958846492,2025-08-23T14:20:51.892859,c60a7591-1abe-4a18-b063-b1fcc9933abc,P01,ft,trial,1755958850311,1755958851812,1501
SCENE_A_MS,FT-SCENE_A_MS-1755958846492,2025-08-23T14:21:19.119281,42db98c0-f9ba-4cac-ba9f-dfb07e10be2f,P01,ft,trial,1755958877481,1755958879043,1562
